Banded Warp Reduction,41-44,3d_27pt,256,128,128,111777784,SPMV,vanilla_version
1.24387
1.21965
1.21139
1.21242
1.21142
1.21242
1.21242
1.21139
1.21037
1.21046
