Banded Warp Reduction,41-44,3d_27pt,8,8,8,10648,SPMV,vanilla_version
0.015104
0.013312
0.012288
0.011296
0.011264
0.011392
0.012288
0.012288
0.011392
0.011264
