Banded Warp Reduction,41-44,3d_27pt,128,128,64,27725560,SPMV,vanilla_version
0.325312
0.30624
0.3072
0.307136
0.3072
0.3072
0.308128
0.3072
0.306176
0.3072
