Banded Warp Reduction,41-44,3d_27pt,24,24,24,343000,SPMV,vanilla_version
0.018752
0.013184
0.012384
0.013312
0.012352
0.012288
0.01216
0.011264
0.012288
0.012256
