Banded Warp Reduction,41-44,3d_27pt,64,64,64,6859000,SPMV,vanilla_version
0.093728
0.086016
0.086016
0.085984
0.086016
0.084992
0.084992
0.084992
0.084992
0.084992
