Banded Warp Reduction,41-44,3d_27pt,16,16,16,97336,SPMV,vanilla_version
0.016512
0.012288
0.011328
0.012288
0.012192
0.011392
0.011264
0.011264
0.011264
0.011264
