BaseTorch,41-44,3d_27pt,8,8,8,10648,SPMV
76.65459442138672
76.69554901123047
76.72525024414062
77.03971099853516
76.31974029541016
