BaseTorch,41-44,3d_27pt,8,8,8,512,Dot
0.03484800085425377
0.03286400064826012
0.030719999223947525
0.030719999223947525
0.030719999223947525
