BaseTorch,41-44,3d_27pt,8,8,8,10648,SymGS
286.9381103515625
285.9519958496094
287.1879577636719
286.9329833984375
287.1234436035156
