Banded Warp Reduction (x=random),41-44,3d_27pt,16,16,16,97336,SymGS,vanilla_version
6.6775
6.66726
6.66624
6.66624
6.66624
6.66525
6.66429
6.66624
6.66522
6.66726
