Banded Warp Reduction (x=random),41-44,3d_27pt,8,8,8,10648,SymGS,vanilla_version
0.832512
0.81408
0.813056
0.813056
0.81408
0.813152
0.813056
0.81312
0.813056
0.814048
