Striped Warp Reduction (kernel reduction),41-44,3d_27pt,8,8,8,512,Dot,vanilla_version
0.026944
0.024576
0.0256
0.024512
0.024576
0.024512
0.023552
0.023552
0.025728
0.024544
