Striped Warp Reduction (kernel reduction),41-44,3d_27pt,128,64,64,524288,Dot,vanilla_version
0.036832
0.03584
0.037888
0.036864
0.037856
0.036864
0.037888
0.036928
0.03584
0.033792
