Striped Warp Reduction (kernel reduction),41-44,3d_27pt,32,32,32,32768,Dot,vanilla_version
0.030016
0.025664
0.0256
0.026624
0.02656
0.0256
0.0256
0.026624
0.0256
0.027648
