Striped Warp Reduction (kernel reduction),41-44,3d_27pt,24,24,24,13824,Dot,vanilla_version
0.030016
0.027648
0.028672
0.02864
0.028672
0.028672
0.028672
0.02864
0.028672
0.028608
