Striped Warp Reduction (kernel reduction),41-44,3d_27pt,16,16,16,4096,Dot,vanilla_version
0.02688
0.0256
0.02464
0.0256
0.025504
0.024576
0.024576
0.024576
0.0256
0.026592
