Striped Warp Reduction (kernel reduction),41-44,3d_27pt,64,64,64,262144,Dot,vanilla_version
0.029696
0.02752
0.026624
0.026624
0.027552
0.026624
0.026624
0.026624
0.026624
0.026624
