Naive Banded,41-44,3d_27pt,256,256,128,224140792,SPMV,vanilla_version
7.53005
7.31546
7.29805
7.26323
7.26835
7.2745
7.2704
7.29702
7.28269
7.27136
