CSR-Implementation (x=2),41-44,3d_27pt,16,16,16,97336,SymGS,vanilla_version
7.04717
7.04208
7.04205
7.04006
7.04102
7.04102
7.04102
7.04102
7.04102
7.04102
