MatlabReference,41-44,3d_27pt,16,16,16,97336,SPMV
0.10121600329875946
0.09932799637317657
0.09216000139713287
0.09318400174379349
0.09216000139713287
