MatlabReference,41-44,3d_27pt,16,16,16,97336,CG
98266.7578125
98585.5859375
98513.140625
98284.0703125
98305.0234375
