Banded Warp Reduction,41-44,3d_27pt,8,8,8,10648,SPMV,vanilla_version
0.01968
0.016288
0.01536
0.018496
0.014336
0.015296
0.014336
0.014336
0.015296
0.01536
