Banded Warp Reduction,41-44,3d_27pt,128,64,64,13790200,SPMV,vanilla_version
0.177504
0.167936
0.167936
0.166912
0.167936
0.168864
0.166912
0.167936
0.167936
0.166912
