Banded Warp Reduction,41-44,3d_27pt,128,128,128,55742968,SPMV,vanilla_version
0.733184
0.702464
0.703488
0.689216
0.696352
0.70144
0.703488
0.702464
0.704416
0.693248
