Banded Warp Reduction,41-44,3d_27pt,256,128,128,111777784,SPMV,vanilla_version
1.50006
1.46944
1.45613
1.46125
1.47254
1.4551
1.46227
1.48685
1.4633
1.4592
