Banded Warp Reduction,41-44,3d_27pt,16,16,16,97336,SPMV,vanilla_version
0.018592
0.016384
0.01536
0.01536
0.01536
0.01536
0.01536
0.0144
0.01536
0.015424
