Banded Warp Reduction,41-44,3d_27pt,64,64,64,6859000,SPMV,vanilla_version
0.098912
0.091136
0.09216
0.091136
0.096256
0.091136
0.09728
0.096256
0.091136
0.091008
