Banded Warp Reduction,41-44,3d_27pt,128,128,64,27725560,SPMV,vanilla_version
0.359936
0.329728
0.335872
0.334848
0.338944
0.338944
0.336896
0.326656
0.340896
0.333824
