Banded Warp Reduction,41-44,3d_27pt,32,32,32,830584,SPMV,vanilla_version
0.026624
0.02048
0.019456
0.02048
0.02048
0.02048
0.02048
0.021504
0.020576
0.02048
