Striped Box coloring,41-44,3d_27pt,16,16,16,97336,CG_noPreconditioning,vanilla_version
2.79024
2.77318
2.76682
2.77078
2.77846
2.75648
2.7545
2.75491
2.75139
2.75901
