Striped Box coloring,41-44,3d_27pt,24,24,24,343000,CG_noPreconditioning,vanilla_version
4.34678
4.31427
4.31325
4.30819
4.32954
4.30819
4.30874
4.30701
4.30221
4.30698
