Striped Box coloring,41-44,3d_27pt,128,64,64,13790200,MG,vanilla_version
7.06058
7.05024
7.05126
7.04
7.06867
7.08506
7.0656
7.04922
7.04512
7.12906
