Striped Box coloring,41-44,3d_27pt,64,64,64,6859000,MG,vanilla_version
5.60634
5.59728
5.6023
5.58387
5.59309
5.61974
5.61136
5.61459
5.60333
5.6023
