Striped Box coloring,41-44,3d_27pt,32,32,32,830584,MG,vanilla_version
4.64339
4.63155
4.62438
4.64192
4.63661
4.6376
4.62957
4.63472
4.63053
4.63562
