Striped Box coloring,41-44,3d_27pt,24,24,24,343000,MG,vanilla_version
4.33914
4.33254
4.33664
4.33869
4.33267
4.38074
4.33456
4.33766
4.34086
4.33971
