Striped Box coloring,41-44,3d_27pt,128,128,64,27725560,MG,vanilla_version
9.23878
9.34707
9.36243
9.37386
9.33773
9.34384
9.34502
9.35014
9.33478
9.3481
