Striped Box coloring,41-44,3d_27pt,8,8,8,10648,CG_noPreconditioning,vanilla_version
7.30541
1.25763
1.24768
1.26278
1.25712
1.25206
1.2569
1.24902
1.24899
1.24602
