Striped Box coloring,41-44,3d_27pt,32,32,32,830584,CG_noPreconditioning,vanilla_version
8.49616
8.34954
8.33443
8.35363
8.30384
8.35584
8.32144
8.32806
8.3304
8.3553
