Naive Banded (4 thread per physical core),41-44,3d_27pt,128,128,64,27725560,SPMV
0.84448
0.828416
0.843776
0.85792
0.831328
0.831488
0.843776
0.838432
0.82432
0.83456
