Naive Banded (4 thread per physical core),41-44,3d_27pt,128,64,64,13790200,SPMV
0.443488
0.437248
0.4352
0.436224
0.434176
0.436192
0.4352
0.434976
0.436224
0.428032
