Naive Banded (4 thread per physical core),41-44,3d_27pt,256,128,128,111777784,SPMV
3.26365
3.24608
3.27987
3.24403
3.23789
3.23686
3.25536
3.26042
3.23072
3.2256
