Naive Banded (4 thread per physical core),41-44,3d_27pt,128,128,128,55742968,SPMV
1.63674
1.62819
1.64454
1.61485
1.62406
1.64045
1.63738
1.62502
1.62406
1.61382
