Naive Banded (4 thread per physical core),41-44,3d_27pt,64,64,64,6859000,SPMV
0.22608
0.218176
0.221056
0.219136
0.218112
0.218912
0.219136
0.217024
0.22016
0.22016
