Naive Banded (4 thread per physical core),41-44,3d_27pt,32,32,32,830584,SPMV
0.022944
0.018432
0.018432
0.018432
0.018432
0.018272
0.018432
0.018368
0.018432
0.01936
