Naive Banded (4 thread per physical core),41-44,3d_27pt,8,8,8,10648,SPMV
0.018016
0.014336
0.013312
0.013312
0.013312
0.01424
0.013312
0.013312
0.013312
0.013312
