Naive Banded (4 thread per physical core),41-44,3d_27pt,16,16,16,97336,SPMV
0.016192
0.014336
0.013312
0.014336
0.013312
0.013312
0.013312
0.013312
0.013312
0.013312
