Striped Warp Reduction,GH200,3d_27pt,64,64,64,6859000,WAXPBY,vanilla_version
0.015872
0.01232
0.01232
0.012128
0.01216
0.012512
0.012288
0.012224
0.012288
0.012352
