Striped Warp Reduction,GH200,3d_27pt,32,32,32,830584,WAXPBY,vanilla_version
0.073856
0.01136
0.010816
0.010464
0.010304
0.010464
0.010432
0.010464
0.010848
0.0112
