Striped Warp Reduction,GH200,3d_27pt,128,128,128,55742968,SPMV,vanilla_version
0.214784
0.203744
0.2024
0.198144
0.197216
0.198848
0.202336
0.201312
0.20208
0.20128
