Striped Warp Reduction,GH200,3d_27pt,256,256,256,449455096,Dot,vanilla_version
0.171584
0.126528
0.127136
0.12544
0.124704
0.124448
0.123776
0.12528
0.123456
0.12496
