Striped Warp Reduction,GH200,3d_27pt,512,512,512,3609741304,WAXPBY,vanilla_version
0.925632
0.893824
0.891648
0.890496
0.891232
0.890912
0.894304
0.89056
0.892544
0.889184
