Striped Warp Reduction,GH200,3d_27pt,512,512,512,3609741304,Dot,vanilla_version
0.857536
0.805152
0.80272
0.806496
0.801856
0.80016
0.800672
0.799072
0.798464
0.798912
