Striped Warp Reduction,GH200,3d_27pt,128,128,128,55742968,WAXPBY,vanilla_version
0.027424
0.024992
0.024096
0.02416
0.024288
0.024224
0.024032
0.023808
0.02432
0.024768
