Striped Warp Reduction,GH200,3d_27pt,256,256,256,449455096,SPMV,vanilla_version
1.52544
1.47741
1.52528
1.49066
1.49277
1.53142
1.46749
1.48234
1.50531
1.5296
