Striped Warp Reduction,GH200,3d_27pt,32,32,32,830584,Dot,vanilla_version
0.092576
0.026464
0.02432
0.024672
0.02352
0.024832
0.024192
0.02432
0.02416
0.025312
