Striped Warp Reduction,GH200,3d_27pt,64,64,64,6859000,Dot,vanilla_version
0.043168
0.026592
0.026112
0.025728
0.02528
0.024736
0.025216
0.024608
0.025312
0.025472
