Striped Warp Reduction,GH200,3d_27pt,128,128,128,55742968,Dot,vanilla_version
0.062912
0.034432
0.032544
0.033152
0.03248
0.032224
0.032576
0.03344
0.032352
0.03248
