Striped Warp Reduction,GH200,3d_27pt,64,64,64,6859000,SPMV,vanilla_version
0.04912
0.037216
0.03616
0.035392
0.035488
0.037088
0.036608
0.036096
0.035904
0.036128
