Striped Warp Reduction,GH200,3d_27pt,256,256,256,449455096,WAXPBY,vanilla_version
0.1432
0.13376
0.132736
0.132096
0.131392
0.131968
0.1328
0.131616
0.131776
0.132128
