Striped Warp Reduction,GH200,3d_27pt,32,32,32,830584,SPMV,vanilla_version
0.118176
0.012832
0.012896
0.013216
0.013184
0.012928
0.01296
0.013536
0.01312
0.01392
