Banded Warp Reduction,41-44,3d_27pt,64,64,64,6859000,Dot,vanilla_version
0.087264
0.086016
0.086016
0.086016
0.086016
0.084992
0.08592
0.089088
0.086016
0.086016
