Banded Warp Reduction,41-44,3d_27pt,128,64,64,13790200,SPMV,vanilla_version
0.172256
0.159744
0.15872
0.159744
0.159744
0.159744
0.15872
0.15872
0.158752
0.15872
