Banded Warp Reduction,41-44,3d_27pt,256,128,128,111777784,Dot,vanilla_version
1.46854
1.46432
1.46534
1.46426
1.46534
1.46637
1.46541
1.46739
1.46637
1.46432
