Banded Warp Reduction,41-44,3d_27pt,16,16,16,97336,SPMV,vanilla_version
0.015488
0.012288
0.012288
0.012288
0.012288
0.012288
0.012288
0.012288
0.012288
0.012288
