Banded Warp Reduction,41-44,3d_27pt,128,128,128,55742968,SPMV,vanilla_version
0.62496
0.603136
0.603136
0.602112
0.603136
0.603136
0.60416
0.602112
0.6032
0.603136
