Banded Warp Reduction,41-44,3d_27pt,128,128,64,27725560,SPMV,vanilla_version
0.325408
0.306176
0.306176
0.305152
0.3072
0.305152
0.305152
0.306176
0.305152
0.306176
