Banded Warp Reduction,41-44,3d_27pt,16,16,16,97336,SymGS,vanilla_version
6.67136
6.66931
6.67136
6.67034
6.67034
6.67034
6.67034
6.66931
6.66931
6.66931
