Banded Warp Reduction,41-44,3d_27pt,128,64,64,13790200,Dot,vanilla_version
0.196992
0.19456
0.193536
0.193568
0.193536
0.193536
0.193536
0.19456
0.19456
0.19456
