Banded Warp Reduction,41-44,3d_27pt,128,128,128,55742968,Dot,vanilla_version
0.750304
0.746496
0.746496
0.74752
0.746496
0.736256
0.736352
0.738304
0.73728
0.735296
