Banded Warp Reduction,41-44,3d_27pt,32,32,32,830584,Dot,vanilla_version
0.019872
0.01744
0.018432
0.019456
0.018432
0.018432
0.018432
0.018432
0.017536
0.018432
