Banded Warp Reduction,41-44,3d_27pt,128,128,64,27725560,Dot,vanilla_version
0.381312
0.376832
0.375808
0.374784
0.374784
0.375808
0.376864
0.374784
0.374784
0.374784
