Banded Warp Reduction,41-44,3d_27pt,32,32,32,830584,SPMV,vanilla_version
0.026144
0.019456
0.019456
0.019456
0.018432
0.017472
0.018432
0.018432
0.017408
0.017408
