Banded Warp Reduction,41-44,3d_27pt,256,128,128,111777784,SPMV,vanilla_version
1.30224
1.27494
1.27386
1.27488
1.27488
1.26259
1.2103
1.21037
1.21037
1.2103
