Banded Warp Reduction,41-44,3d_27pt,16,16,16,97336,Dot,vanilla_version
0.013184
0.011264
0.011264
0.011264
0.012288
0.012288
0.011264
0.011264
0.012288
0.012288
