Banded Warp Reduction,41-44,3d_27pt,8,8,8,10648,SPMV,vanilla_version
0.016032
0.013312
0.011264
0.011264
0.011264
0.01216
0.011328
0.011264
0.011264
0.011264
