Banded Warp Reduction,41-44,3d_27pt,8,8,8,10648,Dot,vanilla_version
0.011584
0.011264
0.011264
0.011168
0.01024
0.011232
0.011264
0.011264
0.01024
0.011264
