BaseTorch,41-44,3d_27pt,8,8,8,10648,SPMV
78.09638214111328
77.73081970214844
77.35091400146484
77.72160339355469
77.52397155761719
