BaseTorch,41-44,3d_27pt,8,8,8,512,WAXPBY
0.06963200122117996
0.058368001133203506
0.05939200147986412
0.06348799914121628
0.05734400078654289
