MatlabReference,41-44,3d_27pt,32,32,32,830584,SPMV
1.7940479516983032
0.10342399775981903
0.09216000139713287
0.09011200070381165
0.09116800129413605
