BaseTorch,41-44,3d_27pt,16,16,16,4096,WAXPBY
0.07983999699354172
0.06255999952554703
0.058368001133203506
0.05632000043988228
0.05632000043988228
