CSR-Implementation,41-44,3d_27pt,8,8,8,10648,SPMV,vanilla_version
0.227008
0.224256
0.221184
0.22016
0.230336
0.224256
0.22016
0.223232
0.22528
0.223232
