Naive Striped,41-44,3d_27pt,8,8,8,10648,SPMV,vanilla_version
0.016608
0.014336
0.013312
0.013312
0.014336
0.013344
0.013312
0.01328
0.013312
0.013344
