Striped coloring (pre-computing COR Format),41-44,3d_27pt,8,8,8,10648,SymGS,vanilla_version
0.944128
0.940032
0.937984
0.94016
0.940032
0.935936
0.939008
0.94208
0.937856
0.932864
