Striped Preprocessed,41-44,3d_27pt,8,8,8,10648,SymGS,SymGS cooperation number = 16
1.33933
1.33837
1.33837
1.33946
1.33837
1.33834
1.33824
1.33827
1.33837
1.33837
