Striped Warp Reduction,41-44,3d_27pt,8,8,8,10648,SPMV,vanilla_version
0.013056
0.012288
0.011264
0.012288
0.012288
0.011264
0.012288
0.012288
0.012288
0.012288
