Striped coloring (storing nothing),41-44,3d_27pt,8,8,8,10648,SymGS,vanilla_version
1.01786
1.01274
1.01683
1.0159
1.01478
1.01683
1.01894
1.0199
1.01581
1.01894
