Striped Warp Reduction,41-44,3d_27pt,8,8,8,10648,Dot,vanilla_version
0.01168
0.011264
0.011264
0.01024
0.01024
0.01024
0.01024
0.010368
0.01024
0.011264
