BaseTorch,41-44,3d_27pt,8,8,8,10648,SPMV
76.34124755859375
75.5251235961914
76.20403289794922
76.20403289794922
76.36982727050781
