CSR-Implementation (x=0),41-44,3d_27pt,16,16,16,97336,SymGS,vanilla_version
7.05434
7.04717
7.04627
7.04522
7.04717
7.04717
7.04717
7.04717
7.0473
7.04717
