Striped Warp Reduction (256 threads),41-44,3d_27pt,128,128,64,1048576,Dot,vanilla_version
0.044384
0.043008
0.043008
0.041984
0.04096
0.041984
0.041984
0.041984
0.047104
0.043008
