Striped Warp Reduction (256 threads),41-44,3d_27pt,24,24,24,13824,Dot,vanilla_version
0.025152
0.024576
0.024576
0.024576
0.024672
0.024576
0.023616
0.023552
0.023552
0.023648
