Striped Warp Reduction (256 threads),41-44,3d_27pt,256,128,128,4194304,Dot,vanilla_version
0.103936
0.101376
0.099488
0.099488
0.100352
0.100352
0.099456
0.099552
0.1024
0.101376
