Striped Warp Reduction (256 threads),41-44,3d_27pt,8,8,8,512,Dot,vanilla_version
0.012832
0.011264
0.010112
0.01024
0.01024
0.01024
0.009216
0.009216
0.010208
0.01024
