Striped Warp Reduction (256 threads),41-44,3d_27pt,32,32,32,32768,Dot,vanilla_version
0.025408
0.023552
0.023552
0.023552
0.023552
0.023552
0.023552
0.02256
0.028736
0.023552
