Striped Warp Reduction (256 threads),41-44,3d_27pt,128,128,128,2097152,Dot,vanilla_version
0.063168
0.061312
0.061248
0.06128
0.06144
0.06144
0.06048
0.061312
0.060416
0.061344
