Striped Warp Reduction (256 threads),41-44,3d_27pt,16,16,16,4096,Dot,vanilla_version
0.02544
0.024576
0.03184
0.024576
0.024576
0.023552
0.023552
0.023552
0.024512
0.02368
