Striped Warp Reduction (256 threads),41-44,3d_27pt,256,256,128,8388608,Dot,vanilla_version
0.178816
0.178176
0.178176
0.178176
0.176128
0.176128
0.176096
0.177152
0.177152
0.176064
