Striped Warp Reduction (256 threads),41-44,3d_27pt,64,64,64,262144,Dot,vanilla_version
0.027584
0.0256
0.0256
0.0256
0.024576
0.024672
0.0256
0.0256
0.025504
0.024704
