Striped Warp Reduction (256 threads),41-44,3d_27pt,128,64,64,524288,Dot,vanilla_version
0.035776
0.033792
0.032768
0.033792
0.033792
0.033792
0.032768
0.032768
0.032768
0.033792
