Striped coloring (storing nothing),41-44,3d_27pt,8,8,8,10648,SymGS,vanilla_version
0.961536
0.964768
0.960512
0.961536
0.960512
0.961536
0.961536
0.959328
0.961376
0.95744
