Striped coloring (storing nothing),41-44,3d_27pt,32,32,32,830584,SymGS,vanilla_version
4.93926
4.91171
4.93334
4.92944
4.90544
4.9071
4.91299
4.91718
4.91843
4.92509
