Striped coloring (pre-computing COR Format),41-44,3d_27pt,64,64,64,6859000,SymGS,vanilla_version
8.96106
9.12144
9.00915
9.08826
8.99718
9.07165
8.984
9.06995
8.98893
9.23866
