Striped coloring (pre-computing COR Format),41-44,3d_27pt,32,32,32,830584,SymGS,vanilla_version
4.45712
4.42726
4.41334
4.43312
4.43709
4.41376
4.41187
4.51098
4.43709
4.41459
