Striped coloring (pre-computing COR Format),41-44,3d_27pt,8,8,8,10648,SymGS,vanilla_version
0.945152
0.940032
0.937984
0.939936
0.943008
0.935936
0.937984
0.935936
0.934912
0.932864
