Striped coloring (pre-computing COR Format),41-44,3d_27pt,16,16,16,97336,SymGS,vanilla_version
2.1289
2.12378
2.12582
2.11149
2.11149
2.10944
2.1248
2.10842
2.11046
2.11558
