Striped coloring (storing nothing),41-44,3d_27pt,16,16,16,97336,SymGS,vanilla_version
2.36749
2.36749
2.37277
2.35008
2.35213
2.35213
2.35315
2.36554
2.3584
2.35827
