MatlabReference,41-44,3d_27pt,16,16,16,97336,SymGS
2662.705078125
2660.286376953125
2662.453369140625
2662.173583984375
2661.592041015625
