MatlabReference,41-44,3d_27pt,16,16,16,4096,WAXPBY
0.05939200147986412
0.04700800031423569
0.04608000069856644
0.055296000093221664
0.053247999399900436
