MatlabReference,41-44,3d_27pt,16,16,16,4096,Dot
0.050175998359918594
0.031808000057935715
0.030719999223947525
0.030719999223947525
0.03174399957060814
