Striped Box coloring (coloringBox: 5x5x5) (coop_num: 4),41-44,3d_27pt,16,16,16,97336,SymGS,vanilla_version_RR Norm: 0.0969894
5.23635
5.21165
5.19373
5.23613
5.20848
5.19856
5.20733
5.19779
5.19754
5.21699
