cuSparse&cuBLAS,41-44,3d_27pt,256,256,128,224140792,SPMV,vanilla_version
475.197
4.44109
4.43392
4.43075
4.43494
4.42982
4.46054
4.43187
4.43392
4.4329
