cuSparse&cuBLAS,41-44,3d_27pt,8,8,8,10648,SPMV
0.224384
0.22016
0.219136
0.223232
0.220064
0.223232
0.22016
0.22016
0.223232
0.221184
