cuSparse&cuBLAS,41-44,3d_27pt,16,16,16,97336,SPMV
0.22816
0.222208
0.221088
0.22016
0.221184
0.221184
0.219136
0.219136
0.221184
0.25088
