cuSparse&cuBLAS,41-44,3d_27pt,32,32,32,830584,SPMV
0.2296
0.227328
0.224256
0.234496
0.236544
0.236544
0.239616
0.239616
0.236544
0.236544
