cuSparse&cuBLAS,41-44,3d_27pt,64,64,64,6859000,SPMV
0.343968
0.331776
0.34896
0.329728
0.3328
0.416768
0.33472
0.330752
0.334848
0.329568
