MatlabReference,41-44,3d_27pt,8,8,8,10648,SPMV
0.1515520066022873
0.11680000275373459
0.1157120019197464
0.114656001329422
0.1157120019197464
