MatlabReference,41-44,3d_27pt,8,8,8,10648,SymGS
305.2154846191406
305.8278503417969
304.12811279296875
305.1910095214844
304.01739501953125
