MatlabReference,41-44,3d_27pt,8,8,8,512,Dot
0.040991999208927155
0.030719999223947525
0.0306560005992651
0.030719999223947525
0.02969600073993206
