AMGX (converging) (non deterministic),41-44,3d_27pt,8,8,8,10648,SymGS,L2 Norm: 21.516410953923103
1.7080320119857788
