AMGX (converging) (non deterministic),41-44,3d_27pt,16,16,16,97336,SymGS,L2 Norm: 38.82298948005032
2.406399965286255
