BaseTorch,41-44,3d_27pt,8,8,8,512,Dot
0.03481600061058998
0.02969600073993206
0.02969600073993206
0.030719999223947525
0.02969600073993206
