BaseTorch,41-44,3d_27pt,8,8,8,10648,SymGS
288.3379211425781
286.92376708984375
288.28570556640625
286.71282958984375
288.3706970214844
