BaseTorch,41-44,3d_27pt,8,8,8,10648,SPMV
77.30585479736328
77.04985809326172
77.23417663574219
77.53116607666016
76.44364929199219
