MatlabReference,41-44,3d_27pt,8,8,8,10648,SPMV
0.09932799637317657
0.09318400174379349
0.09113600105047226
0.09113600105047226
0.09216000139713287
