cuSparse&cuBLAS,41-44,3d_27pt,41-44,8,8,8,10648,SPMV,
0.22896
0.221184
0.222208
0.219136
0.219136
0.22528
0.221184
0.218112
0.222176
0.22528
