Banded Warp Reduction,41-44,3d_27pt,8,8,8,10648,SPMV,vanilla_version
0.015136
0.012288
0.012288
0.01136
0.011296
0.012288
0.012288
0.011264
0.012288
0.012288
