Banded Warp Reduction,41-44,3d_27pt,128,64,64,13790200,SPMV,vanilla_version
0.160416
0.152576
0.152576
0.151552
0.151552
0.151552
0.152576
0.151552
0.151552
0.151552
