Banded Warp Reduction,41-44,3d_27pt,64,64,64,6859000,Dot,vanilla_version
0.087936
0.086016
0.086016
0.086016
0.08704
0.08704
0.086912
0.086016
0.086016
0.086016
