Banded Warp Reduction,41-44,3d_27pt,256,128,128,111777784,Dot,vanilla_version
1.46842
1.46426
1.46227
1.46227
1.46333
1.46227
1.46221
1.4632
1.4633
1.46432
