Banded Warp Reduction,41-44,3d_27pt,128,128,64,27725560,SPMV,vanilla_version
0.310336
0.291904
0.29184
0.292864
0.29184
0.29184
0.290816
0.290816
0.292864
0.29184
