Banded Warp Reduction,41-44,3d_27pt,64,64,64,6859000,SPMV,vanilla_version
0.088576
0.083968
0.082944
0.082944
0.08192
0.08288
0.08192
0.080992
0.081984
0.082944
