Banded Warp Reduction,41-44,3d_27pt,128,128,64,27725560,Dot,vanilla_version
0.375552
0.37376
0.372672
0.372736
0.372736
0.37264
0.372736
0.372736
0.372736
0.372704
