Banded Warp Reduction,41-44,3d_27pt,8,8,8,10648,Dot,vanilla_version
0.01072
0.01024
0.01024
0.01024
0.01024
0.01024
0.01024
0.01024
0.01024
0.01024
