Banded Warp Reduction,41-44,3d_27pt,128,128,128,55742968,Dot,vanilla_version
0.735744
0.732192
0.735232
0.734208
0.73216
0.73216
0.73216
0.733184
0.732192
0.733184
