Banded Warp Reduction,41-44,3d_27pt,32,32,32,830584,Dot,vanilla_version
0.02176
0.02048
0.02048
0.02048
0.02048
0.020544
0.021504
0.021504
0.020608
0.02048
