Banded Warp Reduction,41-44,3d_27pt,128,64,64,13790200,Dot,vanilla_version
0.194432
0.192512
0.190592
0.193536
0.192384
0.192512
0.191552
0.192512
0.193536
0.192544
