Banded Warp Reduction,41-44,3d_27pt,32,32,32,830584,SPMV,vanilla_version
0.025504
0.018528
0.0184
0.019456
0.018432
0.018432
0.018304
0.017408
0.018432
0.018432
