Banded Warp Reduction,41-44,3d_27pt,128,128,128,55742968,SPMV,vanilla_version
0.594368
0.57344
0.57344
0.572416
0.57344
0.57344
0.572416
0.572416
0.57344
0.572416
