BaseTorch,41-44,3d_27pt,32,32,32,SYMGS
17067.9609375
17066.9609375
17073.513671875
17159.025390625
17134.990234375
