BaseTorch,41-44,3d_27pt,32,32,32,SPMV
4957.55078125
4953.5107421875
4955.59765625
4960.35205078125
4953.1279296875
