BaseTorch,41-44,3d_27pt,32,32,32,MG
45040.80078125
45025.96484375
44854.91015625
44920.328125
44980.078125
