CSR-Implementation (x=random),41-44,3d_27pt,8,8,8,10648,SymGS,vanilla_version
0.862208
0.842752
0.840704
0.840704
0.841728
0.841728
0.840736
0.841728
0.842752
0.841696
