CSR-Implementation (x=random),41-44,3d_27pt,16,16,16,97336,SymGS,vanilla_version
7.05024
7.0441
7.04512
7.04307
7.0441
7.0441
7.04512
7.04512
7.04512
7.04512
