Naive Banded (1 thread per physical core),41-44,3d_27pt,128,64,64,13790200,SPMV
0.39872
0.391168
0.39216
0.39104
0.390144
0.395264
0.39424
0.392032
0.392192
0.390144
