Naive Banded (1 thread per physical core),41-44,3d_27pt,256,128,128,111777784,SPMV
3.71818
3.68947
3.66605
3.6905
3.68131
3.67309
3.69766
3.6823
3.67718
3.68026
