Naive Banded (1 thread per physical core),41-44,3d_27pt,32,32,32,830584,SPMV
0.021824
0.018432
0.01664
0.017632
0.017344
0.01824
0.017408
0.017408
0.017184
0.017408
