Naive Banded (1 thread per physical core),41-44,3d_27pt,128,128,64,27725560,SPMV
0.77568
0.757792
0.751808
0.75856
0.759808
0.765952
0.76208
0.764896
0.75264
0.757792
