Naive Banded (1 thread per physical core),41-44,3d_27pt,64,64,64,6859000,SPMV
0.200864
0.198656
0.197376
0.194656
0.198656
0.195584
0.197632
0.19456
0.198656
0.195584
