Naive Banded (1 thread per physical core),41-44,3d_27pt,128,128,128,55742968,SPMV
1.64035
1.6169
1.63437
1.63328
1.62509
1.62618
1.62816
1.63226
1.62714
1.63123
