Naive Banded (1 thread per physical core),41-44,3d_27pt,8,8,8,10648,SPMV
0.014496
0.011264
0.011264
0.011264
0.011264
0.011264
0.011264
0.01024
0.011264
0.011264
