Naive Banded (1 thread per physical core),41-44,3d_27pt,16,16,16,97336,SPMV
0.013056
0.011264
0.011264
0.011264
0.011264
0.011264
0.01024
0.011136
0.010368
0.011264
