Striped Warp Reduction,GH200,3d_27pt,32,32,32,830584,WAXPBY,vanilla_version
0.060736
0.009728
0.00944
0.009408
0.009152
0.008768
0.009312
0.00912
0.009472
0.009312
