Striped Warp Reduction,GH200,3d_27pt,32,32,32,830584,Dot,vanilla_version
0.079168
0.02304
0.021792
0.02144
0.02128
0.021856
0.021408
0.020672
0.02064
0.021088
