Striped Warp Reduction,GH200,3d_27pt,512,512,512,3609741304,WAXPBY,vanilla_version
0.932032
0.892864
0.888512
0.887424
0.885728
0.886368
0.887968
0.88816
0.885664
0.887744
