Striped Warp Reduction,GH200,3d_27pt,128,128,128,55742968,SPMV,vanilla_version
0.21568
0.198528
0.20096
0.200448
0.198816
0.200512
0.199648
0.20048
0.198912
0.19824
