Striped Warp Reduction,GH200,3d_27pt,128,128,128,55742968,Dot,vanilla_version
0.045504
0.03024
0.028768
0.029024
0.028448
0.028608
0.02912
0.02832
0.027808
0.029504
