Striped Warp Reduction,GH200,3d_27pt,512,512,512,3609741304,Dot,vanilla_version
0.860224
0.810048
0.807104
0.807616
0.807008
0.807648
0.804992
0.806912
0.807168
0.805088
