Striped Warp Reduction,GH200,3d_27pt,256,256,256,449455096,SPMV,vanilla_version
1.53379
1.49213
1.49606
1.47085
1.4769
1.4791
1.47075
1.48278
1.47085
1.47549
