Striped Warp Reduction,GH200,3d_27pt,64,64,64,6859000,SPMV,vanilla_version
0.04608
0.034848
0.033088
0.033792
0.033536
0.034752
0.033632
0.03312
0.034304
0.033472
