Striped Warp Reduction,GH200,3d_27pt,32,32,32,830584,SPMV,vanilla_version
0.098208
0.011744
0.012
0.013216
0.012288
0.01168
0.010976
0.012384
0.011328
0.0128
