Striped Warp Reduction,GH200,3d_27pt,64,64,64,6859000,Dot,vanilla_version
0.032896
0.022848
0.022208
0.022432
0.021248
0.021472
0.021312
0.021408
0.02096
0.021376
