Striped Warp Reduction,GH200,3d_27pt,256,256,256,449455096,WAXPBY,vanilla_version
0.147328
0.13232
0.129344
0.128896
0.12944
0.129568
0.128768
0.128928
0.130048
0.130016
