Striped Warp Reduction,GH200,3d_27pt,128,128,128,55742968,WAXPBY,vanilla_version
0.022368
0.022528
0.021568
0.0224
0.022304
0.022272
0.022016
0.021984
0.0224
0.023008
