CSR-Implementation (x=0.5),41-44,3d_27pt,8,8,8,10648,SymGS,vanilla_version
0.863232
0.843744
0.842624
0.8408
0.843776
0.841728
0.841824
0.842752
0.842752
0.841856
