CSR-Implementation (x=0.5),41-44,3d_27pt,16,16,16,97336,SymGS,vanilla_version
7.05229
7.04819
7.04819
7.04819
7.04819
7.04726
7.04723
7.04717
7.04922
7.04819
