Banded explicit Shared Memory,41-44,3d_27pt,128,64,64,13790200,SPMV
0.653664
0.631808
0.629696
0.631808
0.630784
0.630784
0.632768
0.63488
0.62976
0.62976
