Banded explicit Shared Memory,41-44,3d_27pt,16,16,16,97336,SPMV
0.092768
0.089216
0.089088
0.09216
0.092128
0.089088
0.090016
0.088064
0.088096
0.088064
