Banded explicit Shared Memory,41-44,3d_27pt,32,32,32,830584,SPMV
0.070592
0.061376
0.060416
0.062336
0.060416
0.060416
0.062432
0.062464
0.059488
0.060416
