Banded explicit Shared Memory,41-44,3d_27pt,128,128,64,27725560,SPMV
1.27021
1.22774
1.20422
1.22266
1.2247
1.18787
1.19296
1.20934
1.18467
1.19194
