Banded explicit Shared Memory,41-44,3d_27pt,64,64,64,6859000,SPMV
0.360096
0.346112
0.345088
0.345088
0.347008
0.34304
0.345088
0.345056
0.344096
0.34304
