Banded explicit Shared Memory,41-44,3d_27pt,256,128,128,111777784,SPMV
5.11869
4.31619
4.38272
4.28339
4.37965
4.2537
4.24141
4.27936
4.38893
4.28646
