Banded explicit Shared Memory,41-44,3d_27pt,8,8,8,10648,SPMV
0.039616
0.03584
0.033792
0.033792
0.033792
0.035744
0.039936
0.03888
0.036864
0.036864
