Banded explicit Shared Memory,41-44,3d_27pt,128,128,128,55742968,SPMV
2.33066
2.27635
2.31021
2.29581
2.27021
2.31014
2.27328
2.25798
2.26509
2.23846
