Striped Box coloring,41-44,3d_27pt,32,32,32,830584,Dot,vanilla_version
0.028256
0.026624
0.0256
0.033792
0.026624
0.0256
0.026624
0.0256
0.0256
0.0256
