Striped Box coloring,41-44,3d_27pt,64,64,64,6859000,WAXPBY,vanilla_version
0.01968
0.019552
0.013344
0.019136
0.01936
0.01664
0.016224
0.015936
0.012672
0.018336
