Striped Box coloring,41-44,3d_27pt,16,16,16,97336,WAXPBY,vanilla_version
0.009216
0.009216
0.008192
0.008192
0.008192
0.008192
0.008192
0.009216
0.009216
0.008192
