Striped Box coloring,41-44,3d_27pt,128,64,64,13790200,SPMV,vanilla_version
0.153696
0.14848
0.14848
0.14848
0.147456
0.14848
0.147456
0.147456
0.147456
0.14752
