Striped Box coloring,41-44,3d_27pt,128,128,128,55742968,WAXPBY,vanilla_version
0.070208
0.067584
0.069568
0.072608
0.07216
0.07216
0.069696
0.068352
0.068832
0.068896
