Striped Box coloring,41-44,3d_27pt,8,8,8,10648,WAXPBY,vanilla_version
0.011264
0.01024
0.01024
0.01024
0.011264
0.011264
0.01024
0.01024
0.011264
0.012288
