Striped Box coloring,41-44,3d_27pt,128,128,64,27725560,WAXPBY,vanilla_version
0.046592
0.045408
0.045792
0.044192
0.044928
0.045504
0.037952
0.045216
0.043136
0.04544
