Striped Box coloring,41-44,3d_27pt,16,16,16,97336,SPMV,vanilla_version
0.013856
0.012288
0.012288
0.011328
0.012288
0.012288
0.011264
0.012288
0.011264
0.012288
