Striped Box coloring,41-44,3d_27pt,8,8,8,10648,Dot,vanilla_version
0.015904
0.012288
0.012288
0.013312
0.012288
0.012288
0.01328
0.012288
0.017408
0.012288
