Striped Box coloring,41-44,3d_27pt,24,24,24,343000,WAXPBY,vanilla_version
0.01472
0.014368
0.01392
0.014784
0.014656
0.01424
0.01424
0.01456
0.014272
0.014304
