Striped Box coloring,41-44,3d_27pt,16,16,16,97336,Dot,vanilla_version
0.012896
0.012224
0.012288
0.012288
0.011264
0.012288
0.013312
0.012288
0.012288
0.012288
