Striped Box coloring,41-44,3d_27pt,128,128,64,27725560,Dot,vanilla_version
0.047424
0.04608
0.048128
0.045056
0.041984
0.045024
0.043008
0.044032
0.043008
0.044032
