Striped Box coloring,41-44,3d_27pt,128,128,128,55742968,SPMV,vanilla_version
0.582624
0.560096
0.559104
0.559168
0.559072
0.559104
0.55808
0.55808
0.55808
0.559104
