Striped Box coloring,41-44,3d_27pt,24,24,24,343000,SPMV,vanilla_version
0.01632
0.012288
0.012288
0.01328
0.011264
0.017408
0.012288
0.011264
0.012288
0.01232
