Striped Box coloring,41-44,3d_27pt,32,32,32,830584,WAXPBY,vanilla_version
0.010912
0.015232
0.016192
0.015488
0.015872
0.01568
0.015904
0.016032
0.015968
0.01552
