Striped coloring (storing nothing),41-44,3d_27pt,8,8,8,10648,CG_noPreconditioning,vanilla_version_RR Norm: 0.187864
1.31184
1.22851
1.23142
1.22982
1.20304
1.21725
1.27098
1.29827
1.2968
1.31472
