Striped Box coloring,41-44,3d_27pt,64,64,64,6859000,MG,vanilla_version
8.36035
8.2832
8.26259
8.29043
8.29299
8.33792
8.34346
8.35494
8.33274
8.31478
