Striped Box coloring,41-44,3d_27pt,128,128,64,27725560,SPMV,vanilla_version
0.3008
0.284672
0.284672
0.285664
0.284672
0.284672
0.284672
0.287744
0.283648
0.284672
