Striped Box coloring,41-44,3d_27pt,64,64,64,6859000,SPMV,vanilla_version
0.086208
0.080896
0.08192
0.080864
0.080896
0.080896
0.080864
0.079872
0.082944
0.079872
