Striped Box coloring,41-44,3d_27pt,24,24,24,343000,Dot,vanilla_version
0.015776
0.014336
0.014336
0.014336
0.01536
0.01536
0.014336
0.014336
0.01536
0.01536
