Striped Box coloring,41-44,3d_27pt,128,64,64,13790200,MG,vanilla_version
9.82394
9.84704
9.8527
9.8489
9.80003
9.89651
9.82976
9.81683
9.83414
9.86118
