Striped Box coloring,41-44,3d_27pt,32,32,32,830584,MG,vanilla_version
5.4655
5.40333
5.39366
5.38806
5.41331
5.43632
5.42518
5.40963
5.48275
5.42538
