Striped Box coloring,41-44,3d_27pt,16,16,16,97336,CG_noPreconditioning,vanilla_version
2.71984
2.74317
2.73328
2.7391
2.72355
2.6975
2.69427
2.70294
2.69456
2.69539
