Striped Box coloring,41-44,3d_27pt,64,64,64,6859000,Dot,vanilla_version
0.029888
0.027648
0.027648
0.024576
0.025568
0.024576
0.0256
0.0256
0.024576
0.024576
