Striped Box coloring,41-44,3d_27pt,32,32,32,830584,CG_noPreconditioning,vanilla_version
8.79366
8.76832
8.75014
8.7888
8.77779
8.77926
8.7577
8.71213
8.68848
8.72144
