Striped Box coloring,41-44,3d_27pt,128,64,64,13790200,Dot,vanilla_version
0.039424
0.036864
0.034816
0.033792
0.034816
0.033792
0.034816
0.034816
0.033792
0.033792
