Striped Box coloring,41-44,3d_27pt,128,64,64,13790200,WAXPBY,vanilla_version
0.033056
0.029856
0.029632
0.028896
0.021856
0.028128
0.027424
0.027072
0.028512
0.028384
