Striped coloring (pre-computing COR Format),41-44,3d_27pt,8,8,8,10648,CG_noPreconditioning,vanilla_version_RR Norm: 0.187864
1.30557
1.22346
1.22698
1.22227
1.22205
1.2223
1.29949
1.30752
1.30723
1.30294
