Striped Box coloring,41-44,3d_27pt,24,24,24,343000,MG,vanilla_version
5.76118
5.69389
5.72
5.69296
5.70285
5.75286
5.7503
5.75427
5.75866
5.72627
