Striped Box coloring,41-44,3d_27pt,24,24,24,343000,CG_noPreconditioning,vanilla_version
4.61341
4.5399
4.53542
4.56605
4.53002
4.52848
4.52973
4.524
4.5655
4.52909
