Striped Box coloring,41-44,3d_27pt,8,8,8,10648,CG_noPreconditioning,vanilla_version
1.33466
1.26282
1.26656
1.25821
1.26157
1.26381
1.26298
1.44048
1.26605
1.25699
