MatlabReference,41-44,3d_27pt,16,16,16,97336,SPMV
0.12800000607967377
0.11769600212574005
0.11673600226640701
0.11558400094509125
0.1157120019197464
