MatlabReference,41-44,3d_27pt,16,16,16,4096,Dot
0.04915200173854828
0.03276799991726875
0.02985600009560585
0.030719999223947525
0.031647998839616776
