MatlabReference,41-44,3d_27pt,16,16,16,97336,SymGS
2622.8388671875
2625.447998046875
2620.82861328125
2619.37451171875
2622.40673828125
