BasicStencil,41-44,3d_27pt,16,16,16,97336,SPMV
2323.579833984375
2332.607421875
2321.8544921875
2328.31494140625
2314.673095703125
