MatlabReference,41-44,3d_27pt,32,32,32,32768,Dot
0.04915200173854828
0.030719999223947525
0.030719999223947525
0.030719999223947525
0.02969600073993206
