MatlabReference,41-44,3d_27pt,32,32,32,830584,SPMV
0.13619199395179749
0.1196800023317337
0.12185599654912949
0.11673600226640701
0.11468800157308578
