MatlabReference,41-44,3d_27pt,32,32,32,830584,SymGS
41355.38671875
41446.73828125
41451.76953125
41493.33203125
41610.04296875
