MatlabReference,41-44,3d_27pt,8,8,8,512,Dot
0.03993599861860275
0.03161599859595299
0.02969600073993206
0.030719999223947525
0.030719999223947525
