MatlabReference,41-44,3d_27pt,8,8,8,10648,SymGS
308.8735656738281
308.7933349609375
308.28851318359375
309.30841064453125
309.2367248535156
