MatlabReference,41-44,3d_27pt,8,8,8,10648,CG
6827.81201171875
6501.138671875
6483.4814453125
6489.44677734375
6479.78369140625
