MatlabReference,41-44,3d_27pt,8,8,8,512,WAXPBY
0.09932799637317657
0.05532800033688545
0.050175998359918594
0.045152001082897186
0.043007999658584595
