CSR-Implementation,41-44,3d_27pt,8,8,8,10648,SymGS,vanilla_version
0.861184
0.842752
0.841728
0.840704
0.841728
0.841728
0.840704
0.842688
0.841728
0.840704
