Banded Warp Reduction,41-44,3d_27pt,16,16,16,97336,SymGS,vanilla_version
10.0547
9.93894
9.93894
9.93894
9.93894
9.93894
9.94099
9.94099
9.94202
9.94099
