Banded Warp Reduction,41-44,3d_27pt,8,8,8,10648,SymGS,vanilla_version
1.24109
1.22163
1.22368
1.22278
1.22266
1.22266
1.22266
1.22163
1.22262
1.22166
