Striped Box coloring,41-44,3d_27pt,256,128,128,111777784,WAXPBY,vanilla_version
0.136448
0.131712
0.129408
0.133888
0.134848
0.133504
0.131712
0.12608
0.126848
0.133824
