Striped Box coloring,41-44,3d_27pt,256,128,128,111777784,Dot,vanilla_version
0.102912
0.099392
0.098432
0.098304
0.099232
0.098304
0.099296
0.098304
0.098176
0.098304
