Striped Box coloring,41-44,3d_27pt,256,128,128,111777784,SPMV,vanilla_version
1.20861
1.17862
1.17862
1.17965
1.17862
1.17965
1.1776
1.17862
1.17965
1.17862
