Banded Warp Reduction,41-44,3d_27pt,256,256,128,224140792,SPMV,vanilla_version
2.75946
2.4105
2.4105
2.4105
2.40947
2.40845
2.40845
2.4105
2.40845
2.40845
