Banded Warp Reduction,41-44,3d_27pt,256,256,128,224140792,Dot,vanilla_version
2.90918
2.90918
2.90816
2.90822
2.90816
2.91021
2.90816
2.91021
2.90918
2.90816
