Striped Warp Reduction,A100,3d_27pt,64,64,64,6859000,SPMV,vanilla_version
0.09872
0.072704
0.072704
0.07168
0.07168
0.072704
0.07168
0.07168
0.070656
0.07168
