Striped Warp Reduction,A100,3d_27pt,256,256,256,449455096,WAXPBY,vanilla_version
0.32512
0.318048
0.316768
0.31712
0.315104
0.3184
0.31536
0.315392
0.315808
0.31632
