Striped Warp Reduction,A100,3d_27pt,128,128,128,55742968,WAXPBY,vanilla_version
0.054496
0.052032
0.058944
0.051744
0.052704
0.053664
0.054048
0.058976
0.058592
0.051616
