Striped Warp Reduction,A100,3d_27pt,256,256,256,449455096,SPMV,vanilla_version
3.38976
3.34746
3.3495
3.34438
3.34746
3.33414
3.34848
3.34848
3.34336
3.34643
