Striped Warp Reduction,A100,3d_27pt,64,64,64,6859000,WAXPBY,vanilla_version
0.024512
0.025088
0.02592
0.025344
0.0248
0.02128
0.019904
0.019648
0.021216
0.018912
