Striped Warp Reduction,A100,3d_27pt,32,32,32,830584,WAXPBY,vanilla_version
0.09424
0.024352
0.020288
0.021088
0.02144
0.022016
0.020608
0.020448
0.02144
0.021152
