Striped Warp Reduction,A100,3d_27pt,128,128,128,55742968,Dot,vanilla_version
0.130752
0.063488
0.055296
0.054272
0.055296
0.053248
0.053248
0.053248
0.054272
0.053248
