Striped Warp Reduction,A100,3d_27pt,256,256,256,449455096,Dot,vanilla_version
0.321632
0.244736
0.237568
0.239616
0.238592
0.238592
0.236544
0.23552
0.236544
0.237568
