Striped Warp Reduction,A100,3d_27pt,128,128,128,55742968,SPMV,vanilla_version
0.480576
0.4352
0.432128
0.4352
0.434176
0.431104
0.431104
0.432128
0.433152
0.433152
