Striped Warp Reduction,A100,3d_27pt,32,32,32,830584,SPMV,vanilla_version
0.115072
0.021504
0.02048
0.021504
0.021504
0.021504
0.021504
0.02048
0.021504
0.021504
