Striped Warp Reduction,A100,3d_27pt,32,32,32,830584,Dot,vanilla_version
0.145312
0.036864
0.03584
0.03584
0.034816
0.034816
0.033792
0.03584
0.034816
0.034816
