Striped Warp Reduction,A100,3d_27pt,64,64,64,6859000,Dot,vanilla_version
0.0632
0.039936
0.03584
0.034816
0.034816
0.03584
0.034816
0.034816
0.034816
0.034816
