Striped Box coloring,41-44,3d_27pt,24,24,24,343000,MG,vanilla_version
4.30966
4.27622
4.29875
4.26291
4.26806
4.28134
4.2721
4.31002
4.2967
4.25677
