Striped Box coloring,41-44,3d_27pt,64,64,64,6859000,MG,vanilla_version
5.49133
5.47942
5.48352
5.46816
5.46611
5.47942
5.47331
5.45792
5.45389
5.45587
