Striped Box coloring,41-44,3d_27pt,24,24,24,343000,CG_noPreconditioning,vanilla_version
4.30586
4.31226
4.31014
4.34253
4.33472
4.32515
4.33379
4.30122
4.30605
4.3121
