Striped Box coloring (COR stored on GPU),41-44,3d_27pt,64,64,64,6859000,MG,vanilla_version
6.03117
6.0119
6.01805
6.01293
6.01395
6.0201
6.02522
6.02112
6.02624
6.02214
