Striped Box coloring,41-44,3d_27pt,16,16,16,97336,CG_noPreconditioning,vanilla_version
2.82342
2.78445
2.76765
2.7679
2.77117
2.76563
2.7681
2.77885
2.77174
2.78826
