Striped Box coloring (COR stored on GPU),41-44,3d_27pt,24,24,24,343000,MG,vanilla_version
3.65978
3.64851
3.64646
3.64954
3.65363
3.64954
3.64646
3.6567
3.67517
3.67923
