Striped Box coloring,41-44,3d_27pt,32,32,32,830584,MG,vanilla_version
4.5592
4.55782
4.54861
4.56602
4.55578
4.58138
4.55066
4.54758
4.54042
4.55578
