Striped Box coloring,41-44,3d_27pt,32,32,32,830584,CG_noPreconditioning,vanilla_version
8.29859
8.28675
8.26333
8.28682
8.26125
8.25558
8.26064
8.32362
8.31325
8.28211
