Striped Box coloring (COR stored on GPU),41-44,3d_27pt,32,32,32,830584,MG,vanilla_version
3.81744
3.79699
3.81747
3.81747
3.81645
3.79802
3.82566
3.82874
3.83283
3.81747
