Striped Box coloring (COR stored on GPU),41-44,3d_27pt,128,64,64,13790200,MG,vanilla_version
8.72675
8.70912
8.71322
8.71834
8.72653
8.71424
8.7296
8.69786
8.69888
8.6999
