Striped Box coloring,41-44,3d_27pt,8,8,8,10648,CG_noPreconditioning,vanilla_version
4.90624
1.26291
1.24998
1.26368
1.25443
1.24803
1.25402
1.25402
1.24893
1.24272
