Striped Box coloring,41-44,3d_27pt,128,128,64,27725560,MG,vanilla_version
8.95056
9.0071
8.97536
9.00096
8.97741
8.9856
8.98048
8.99174
9.00608
8.97126
