Striped Box coloring,41-44,3d_27pt,128,64,64,13790200,MG,vanilla_version
6.92384
6.90586
6.90586
6.88538
6.88128
6.87309
6.86182
6.87616
6.89766
6.87507
