CSR-Implementation,41-44,3d_27pt,8,8,8,10648,SymGS,vanilla_version
0.89088
0.872576
0.871424
0.871424
0.87248
0.872448
0.871424
0.873472
0.871424
0.871424
