Banded Warp Reduction,41-44,3d_27pt,16,16,16,97336,SymGS,vanilla_version
5.87462
5.87059
5.87059
5.87162
5.87059
5.87059
5.87059
5.87162
5.87162
5.87162
