Banded Warp Reduction,41-44,3d_27pt,8,8,8,10648,SymGS,vanilla_version
0.71872
0.717824
0.717824
0.716864
0.7168
0.7168
0.717824
0.717824
0.718848
0.717824
