CSR-Implementation,41-44,3d_27pt,8,8,8,10648,SymGS,vanilla_version
0.842656
0.841728
0.842752
0.842752
0.841728
0.842752
0.841824
0.842624
0.841728
0.842752
