CSR-Implementation,41-44,3d_27pt,16,16,16,97336,SymGS,vanilla_version
7.05034
7.05024
7.05126
7.05024
7.04922
7.05024
7.05024
7.05126
7.05024
7.05331
