BaseTorch,41-44,3d_27pt,8,8,8,512,Dot
0.03587200120091438
0.03174399957060814
0.036768000572919846
0.030719999223947525
0.03161599859595299
