BaseTorch,41-44,3d_27pt,8,8,8,10648,SPMV
75.86294555664062
75.67257690429688
75.4698257446289
75.42371368408203
76.1313247680664
