BaseTorch,41-44,3d_27pt,8,8,8,10648,SymGS
263.689208984375
261.9309997558594
262.53204345703125
262.1716613769531
262.9744567871094
