BaseTorch,41-44,3d_27pt,8,8,8,10648,SymGS
291.16314697265625
291.0606994628906
291.34033203125
290.79962158203125
291.81634521484375
