BaseTorch,41-44,3d_27pt,8,8,8,512,Dot
0.03686400130391121
0.03174399957060814
0.03174399957060814
0.03174399957060814
0.030719999223947525
