Striped Warp Reduction,41-44,3d_27pt,128,128,64,1048576,WAXPBY,vanilla_version
0.044384
0.044192
0.044544
0.044704
0.044
0.04256
0.045408
0.042752
0.045952
0.043072
