Striped Warp Reduction,41-44,3d_27pt,64,64,64,262144,WAXPBY,vanilla_version
0.019808
0.01968
0.019296
0.020832
0.013856
0.018784
0.013568
0.016448
0.017248
0.014688
