Striped Warp Reduction,41-44,3d_27pt,256,256,128,8388608,WAXPBY,vanilla_version
0.254816
0.24768
0.25408
0.254528
0.254944
0.255168
0.254592
0.254176
0.25504
0.25328
