Striped Warp Reduction,41-44,3d_27pt,32,32,32,32768,WAXPBY,vanilla_version
0.017312
0.015968
0.0152
0.01552
0.016128
0.015456
0.015136
0.014912
0.015104
0.015552
