Striped Warp Reduction,41-44,3d_27pt,256,256,256,16777216,WAXPBY,vanilla_version
0.483584
0.485632
0.48208
0.484
0.4848
0.483008
0.488576
0.48432
0.484512
0.487936
