Striped Warp Reduction,41-44,3d_27pt,128,128,128,2097152,WAXPBY,vanilla_version
0.071552
0.069888
0.069024
0.067328
0.068576
0.068384
0.068032
0.06736
0.07472
0.067744
