Striped Warp Reduction,41-44,3d_27pt,24,24,24,13824,WAXPBY,vanilla_version
0.016224
0.015744
0.014976
0.015392
0.015296
0.015808
0.014624
0.015488
0.01456
0.016
