Striped Warp Reduction,41-44,3d_27pt,256,128,128,4194304,WAXPBY,vanilla_version
0.130848
0.136768
0.136256
0.136032
0.135008
0.135872
0.13632
0.13552
0.13616
0.135968
