Striped Warp Reduction,41-44,3d_27pt,128,64,64,524288,WAXPBY,vanilla_version
0.02672
0.025568
0.021504
0.02704
0.027168
0.02656
0.028032
0.024
0.02752
0.027616
