Striped Warp Reduction,41-44,3d_27pt,16,16,16,4096,WAXPBY,vanilla_version
0.01024
0.008192
0.008192
0.008256
0.008192
0.008192
0.009216
0.008192
0.009216
0.008192
