BaseTorch,41-44,3d_27pt,16,16,16,SYMGS
2122.843994140625
2123.8671875
2125.27392578125
2123.42578125
2122.315673828125
