BaseTorch,41-44,3d_27pt,16,16,16,SPMV
613.8480834960938
608.026611328125
612.7401123046875
612.7513427734375
615.2386474609375
