BaseTorch,41-44,3d_27pt,16,16,16,MG
5904.552734375
5575.2705078125
5581.54345703125
5578.6201171875
5568.8251953125
