Banded Warp Reduction,41-44,3d_27pt,128,64,64,524288,Dot,vanilla_version
0.19744
0.19456
0.195584
0.194464
0.195584
0.195584
0.195584
0.19456
0.195584
0.195584
