Banded Warp Reduction,41-44,3d_27pt,64,64,64,262144,Dot,vanilla_version
0.088864
0.08704
0.08704
0.08704
0.087968
0.08704
0.08704
0.08704
0.086016
0.086016
