Banded Warp Reduction,41-44,3d_27pt,128,128,128,2097152,Dot,vanilla_version
0.73712
0.734208
0.734208
0.735232
0.734208
0.734208
0.734208
0.734208
0.734208
0.736256
