Banded Warp Reduction,41-44,3d_27pt,256,128,128,4194304,Dot,vanilla_version
1.46922
1.46637
1.46534
1.46541
1.46739
1.46637
1.46637
1.4665
1.46739
1.46842
