Banded Warp Reduction,41-44,3d_27pt,16,16,16,4096,Dot,vanilla_version
0.013408
0.011264
0.01136
0.012288
0.012288
0.011264
0.011264
0.011264
0.012288
0.011264
