Banded Warp Reduction,41-44,3d_27pt,128,128,64,1048576,Dot,vanilla_version
0.377632
0.375648
0.374784
0.375808
0.374976
0.37568
0.375808
0.376832
0.375808
0.375808
