Banded Warp Reduction,41-44,3d_27pt,32,32,32,32768,Dot,vanilla_version
0.021056
0.019552
0.020512
0.020416
0.020352
0.019552
0.02048
0.021472
0.02048
0.02048
