Banded Warp Reduction (x=0),41-44,3d_27pt,16,16,16,97336,SymGS,vanilla_version
6.67853
6.6663
6.66624
6.66726
6.66624
6.66624
6.66522
6.66726
6.66624
6.66624
