Banded Warp Reduction (x=0),41-44,3d_27pt,8,8,8,10648,SymGS,vanilla_version
0.833536
0.815104
0.81408
0.81408
0.81408
0.81408
0.81408
0.81408
0.81408
0.81408
