CSR-Implementation,41-44,3d_27pt,8,8,8,10648,SymGS,vanilla_version
0.841728
0.841728
0.842816
0.842752
0.841824
0.842752
0.841728
0.841696
0.841728
0.84176
