CSR-Implementation,41-44,3d_27pt,16,16,16,97336,SPMV,vanilla_version
446.888
0.226304
0.22016
0.217088
0.222208
0.219136
0.218112
0.217088
0.215936
0.222112
