CSR-Implementation,41-44,3d_27pt,16,16,16,97336,SymGS,vanilla_version
7.33901
7.22432
7.22432
7.22432
7.22432
7.22637
7.22432
7.22534
7.22432
7.22534
