Striped Box coloring,25,3d_27pt,64,64,64,6859000,MG,vanilla_version
6.35824
6.32218
6.3273
6.34266
6.34266
6.32832
6.32934
6.33242
6.34675
6.33344
