Striped Box coloring,25,3d_27pt,8,8,8,10648,CG_noPreconditioning,vanilla_version
1.93462
1.92851
1.90294
1.91357
1.89472
1.90221
1.90118
1.89472
1.90042
1.90301
