Striped Box coloring,25,3d_27pt,16,16,16,97336,CG_noPreconditioning,vanilla_version
4.10237
4.0841
4.06835
4.08752
4.08614
4.07114
4.07578
4.0553
4.05763
4.06982
