Striped Box coloring,25,3d_27pt,24,24,24,343000,MG,vanilla_version
5.57581
5.55622
5.53882
5.57056
5.54496
5.56749
5.57363
5.56851
5.54803
5.54496
