Striped Box coloring,25,3d_27pt,24,24,24,343000,CG_noPreconditioning,vanilla_version
5.81347
5.81178
5.83174
5.8239
5.81517
5.79907
5.82598
5.79325
5.81488
5.82787
