Striped Box coloring,25,3d_27pt,32,32,32,830584,MG,vanilla_version
5.66672
5.66579
5.65453
5.68832
5.66579
5.68422
5.6535
5.6617
5.67603
5.66682
