Striped Box coloring,25,3d_27pt,128,64,64,13790200,MG,vanilla_version
6.8409
6.81574
6.81472
6.79117
6.79629
6.81472
6.80448
6.8096
6.78502
6.79526
