Striped Box coloring,25,3d_27pt,128,128,64,27725560,MG,vanilla_version
8.08218
8.25344
8.26266
8.25344
8.28109
8.27085
8.25446
8.26368
8.24832
8.2473
