CSR-Implementation,41-44,3d_27pt,16,16,16,97336,SPMV,vanilla_version
0.251904
0.224256
0.223232
0.222208
0.227328
0.222208
0.221248
0.222112
0.228352
0.221184
