CSR-Implementation,41-44,3d_27pt,64,64,64,6859000,SPMV,vanilla_version
0.441856
0.321536
0.318304
0.316416
0.316352
0.319264
0.318208
0.516096
0.32256
0.317312
