CSR-Implementation,41-44,3d_27pt,32,32,32,830584,SPMV,vanilla_version
0.314048
0.238592
0.236544
0.237568
0.224256
0.22512
0.224256
0.2304
0.224256
0.223232
