CSR-Implementation,41-44,3d_27pt,16,16,16,97336,SymGS,vanilla_version
7.07789
7.03795
7.04
7.04205
7.04
7.03798
7.03795
7.04
7.04003
7.04102
