CSR-Implementation,41-44,3d_27pt,8,8,8,10648,SPMV,vanilla_version
274.316
0.23552
0.223232
0.223232
0.224256
0.22336
0.222208
0.219136
0.221184
0.2304
