Striped Warp Reduction,GH200,3d_27pt,64,64,64,6859000,WAXPBY,vanilla_version
0.01488
0.010432
0.009952
0.009856
0.009664
0.009152
0.009056
0.009344
0.009152
0.009248
