Striped Warp Reduction,GH200,3d_27pt,256,256,256,449455096,Dot,vanilla_version
0.167968
0.122304
0.122368
0.121664
0.121152
0.122144
0.122432
0.1304
0.12096
0.122368
