Striped Warp Reduction (thrust reduction),41-44,3d_27pt,24,24,24,13824,Dot,vanilla_version
0.046336
0.04608
0.04608
0.04608
0.046976
0.04608
0.050208
0.045056
0.045152
0.044032
