Striped Warp Reduction (thrust reduction),41-44,3d_27pt,64,64,64,262144,Dot,vanilla_version
0.10432
0.103424
0.106592
0.103488
0.1024
0.102464
0.103424
0.102432
0.1024
0.103424
