Striped Warp Reduction (thrust reduction),41-44,3d_27pt,32,32,32,32768,Dot,vanilla_version
0.05264
0.050176
0.050176
0.050208
0.050176
0.050304
0.050176
0.049152
0.049152
0.050176
