Striped Warp Reduction (thrust reduction),41-44,3d_27pt,8,8,8,512,Dot,vanilla_version
0.04864
0.04608
0.045056
0.045056
0.044032
0.044032
0.044032
0.046176
0.04416
0.048128
