Striped Warp Reduction (thrust reduction),41-44,3d_27pt,16,16,16,4096,Dot,vanilla_version
0.046016
0.043968
0.044032
0.04416
0.044032
0.044032
0.052224
0.044032
0.043008
0.044032
