Striped Warp Reduction (thrust reduction),41-44,3d_27pt,128,64,64,524288,Dot,vanilla_version
0.175392
0.17408
0.17408
0.173056
0.172032
0.172128
0.172032
0.172032
0.172032
0.172032
