Banded Warp Reduction (x=2),41-44,3d_27pt,16,16,16,97336,SymGS,vanilla_version
6.67341
6.66624
6.66624
6.66624
6.66624
6.66637
6.66522
6.66624
6.66522
6.66624
