AMGX (converging) (non deterministic),41-44,3d_27pt,32,32,32,830584,SymGS,L2 Norm: 133.6880326189394
2.7882559299468994
