AMGX (converging) (non deterministic),41-44,3d_27pt,128,64,64,13790200,SymGS,L2 Norm: 650.7617158101468
11.504223823547363
