AMGX (converging) (non deterministic),41-44,3d_27pt,64,64,64,6859000,SymGS,L2 Norm: 461.7115910168232
5.225823879241943
