CSR-Implementation,41-44,3d_27pt,8,8,8,10648,SPMV,vanilla_version
276.17
0.232448
0.222208
0.222208
0.224256
0.223232
0.221184
0.219072
0.226304
0.222208
