CSR-Implementation,41-44,3d_27pt,8,8,8,10648,SymGS,vanilla_version
0.854048
0.844704
0.841792
0.842752
0.8448
0.8448
0.843776
0.842752
0.843776
0.845824
