Striped Warp Reduction,41-44,3d_27pt,8,8,8,10648,SPMV,vanilla_version
0.017408
0.012288
0.012288
0.012224
0.011264
0.012224
0.011264
0.011264
0.012288
0.012288
