Striped Preprocessed,41-44,3d_27pt,8,8,8,10648,SymGS,SymGS cooperation number = 16
1.34749
1.33846
1.33939
1.34243
1.33936
1.33939
1.33942
1.34038
1.33939
1.34029
