Striped Warp Reduction,41-44,3d_27pt,8,8,8,10648,SymGS,vanilla_version
0.81408
0.81408
0.81408
0.813056
0.81408
0.813056
0.813056
0.813056
0.813056
0.813056
