MatlabReference,41-44,3d_27pt,16,16,16,4096,Dot
0.048128001391887665
0.02969600073993206
0.031647998839616776
0.03686400130391121
0.03481600061058998
