MatlabReference,41-44,3d_27pt,16,16,16,97336,SymGS
2627.294189453125
2622.50390625
2620.5654296875
2616.556640625
2616.33544921875
