MatlabReference,41-44,3d_27pt,16,16,16,97336,SPMV
0.12988799810409546
0.1228799968957901
0.11673600226640701
0.11462400108575821
0.11366400122642517
