Banded Warp Reduction (x=0.5),41-44,3d_27pt,8,8,8,10648,SymGS,vanilla_version
0.833408
0.815104
0.81408
0.81408
0.81408
0.814176
0.813984
0.81408
0.813088
0.813024
