Banded Warp Reduction,41-44,3d_27pt,16,16,16,97336,Dot,vanilla_version
0.012832
0.011264
0.011264
0.011232
0.01024
0.0104
0.011264
0.011264
0.011264
0.011104
