Banded Warp Reduction,41-44,3d_27pt,32,32,32,830584,Dot,vanilla_version
0.025696
0.02048
0.019456
0.02048
0.02048
0.02048
0.02048
0.020512
0.019456
0.019456
