Banded Warp Reduction,41-44,3d_27pt,64,64,64,6859000,Dot,vanilla_version
0.096224
0.07584
0.075936
0.075776
0.075552
0.074912
0.07504
0.07488
0.075776
0.074816
