Banded Warp Reduction,41-44,3d_27pt,128,128,64,27725560,Dot,vanilla_version
0.37872
0.37376
0.375808
0.375712
0.374784
0.37376
0.375808
0.37488
0.374784
0.375808
