Banded Warp Reduction,41-44,3d_27pt,8,8,8,10648,Dot,vanilla_version
0.013504
0.01024
0.011104
0.01024
0.01024
0.010144
0.01024
0.01024
0.009216
0.01024
