Banded Warp Reduction,41-44,3d_27pt,128,64,64,13790200,Dot,vanilla_version
0.194592
0.192512
0.191488
0.191488
0.19232
0.191488
0.192512
0.191552
0.19168
0.191488
