Banded Warp Reduction,41-44,3d_27pt,128,128,128,55742968,Dot,vanilla_version
0.7336
0.728864
0.728064
0.730112
0.730016
0.729088
0.73008
0.729088
0.729088
0.730112
