cuSparse-Implementation,41-44,3d_27pt,128,128,64,27725560,SPMV,vanilla_version
0.838336
0.720896
0.720896
0.717824
0.719872
0.72192
0.913312
0.722944
0.719648
0.719744
