cuSparse-Implementation,41-44,3d_27pt,128,128,128,55742968,SPMV,vanilla_version
1.55798
1.24518
1.32198
1.23699
1.33629
1.23616
1.3097
1.24621
1.31277
1.23686
