cuSparse-Implementation,41-44,3d_27pt,8,8,8,10648,SPMV,vanilla_version
252.241
0.2304
0.221184
0.223232
0.224256
0.221184
0.221024
0.22016
0.224256
0.223232
