cuSparse-Implementation,41-44,3d_27pt,16,16,16,97336,SPMV,vanilla_version
0.257024
0.227328
0.222208
0.223232
0.221184
0.22128
0.222208
0.221184
0.22016
0.223232
