cuSparse-Implementation,41-44,3d_27pt,32,32,32,830584,SPMV,vanilla_version
0.311456
0.239616
0.237568
0.236544
0.242688
0.230368
0.222208
0.222208
0.231424
0.234496
