cuSparse-Implementation,41-44,3d_27pt,128,64,64,13790200,SPMV,vanilla_version
0.579616
0.652288
0.46592
0.456704
0.458752
0.457728
0.457728
0.456704
0.456704
0.457728
