cuSparse-Implementation,41-44,3d_27pt,64,64,64,6859000,SPMV,vanilla_version
0.44112
0.32336
0.316352
0.322528
0.449536
0.316416
0.316416
0.505856
0.329728
0.316704
