Striped Box coloring,41-44,3d_27pt,24,24,24,343000,WAXPBY,vanilla_version
0.015552
0.014912
0.01424
0.01472
0.014624
0.014592
0.014848
0.014016
0.014016
0.014624
