Striped Box coloring,41-44,3d_27pt,128,64,64,13790200,CG,vanilla_version
1.13866
0.9448
0.929824
0.926112
0.911168
0.94512
0.912224
0.923232
0.922016
0.915616
