Striped Box coloring,41-44,3d_27pt,128,128,64,27725560,CG_noPreconditioning,vanilla_version
1.36538
1.36077
1.37885
1.3616
1.3583
1.36912
1.36157
1.35654
1.37482
1.36054
