Striped Box coloring,41-44,3d_27pt,64,64,64,6859000,CG_noPreconditioning,vanilla_version
0.687712
0.679296
0.686016
0.683232
0.688608
0.68736
0.691712
0.68352
0.685728
0.690176
