Striped Box coloring,41-44,3d_27pt,8,8,8,10648,Dot,vanilla_version
0.01312
0.011264
0.011264
0.011264
0.011264
0.011264
0.011264
0.011264
0.011264
0.011264
