Striped Box coloring,41-44,3d_27pt,24,24,24,343000,CG_noPreconditioning,vanilla_version
0.074976
0.079456
0.085664
0.085312
0.081792
0.074336
0.07488
0.075008
0.0744
0.074304
