Striped Box coloring,41-44,3d_27pt,128,128,64,27725560,SPMV,vanilla_version
0.295136
0.285696
0.284672
0.285664
0.284672
0.284672
0.284672
0.285696
0.284672
0.284672
