Striped Box coloring,41-44,3d_27pt,8,8,8,10648,SPMV,vanilla_version
0.015744
0.013312
0.012288
0.012288
0.013312
0.013312
0.012288
0.012288
0.012288
0.012288
