Striped Box coloring,41-44,3d_27pt,128,128,128,55742968,CG,vanilla_version
2.5441
2.33053
2.3329
2.3425
2.33002
2.32502
2.34083
2.33174
2.33293
2.31398
