Striped Box coloring,41-44,3d_27pt,128,128,64,27725560,WAXPBY,vanilla_version
0.04464
0.042496
0.043264
0.044352
0.04352
0.042112
0.042976
0.044352
0.045024
0.044416
