Striped Box coloring,41-44,3d_27pt,32,32,32,830584,MG,vanilla_version
6.12058
6.1065
6.07283
6.09632
6.06374
6.07235
6.09363
6.09203
6.0624
6.06534
