Striped Box coloring,41-44,3d_27pt,256,128,128,111777784,CG_noPreconditioning,vanilla_version
4.68102
4.68656
4.70474
4.6777
4.70371
4.69402
4.6833
4.68064
4.68618
4.67091
