Striped Box coloring,41-44,3d_27pt,128,64,64,13790200,Dot,vanilla_version
0.0376
0.036928
0.036864
0.037888
0.036864
0.03584
0.033792
0.034816
0.034816
0.034816
