Striped Box coloring,41-44,3d_27pt,32,32,32,830584,SPMV,vanilla_version
0.024064
0.019456
0.018432
0.019456
0.019392
0.018432
0.018432
0.019456
0.019456
0.018432
