Striped Box coloring,41-44,3d_27pt,64,64,64,6859000,MG,vanilla_version
8.6183
8.71824
8.71222
8.70576
8.72992
8.70726
8.7328
8.70758
8.74861
8.77091
