Striped Box coloring,41-44,3d_27pt,256,128,128,111777784,CG,vanilla_version
4.45024
4.39194
4.40054
4.42051
4.37155
4.68099
4.67251
4.6711
4.67162
4.69949
