Striped Box coloring,41-44,3d_27pt,128,128,128,55742968,SPMV,vanilla_version
0.580288
0.559104
0.560096
0.560128
0.559072
0.559104
0.559104
0.560128
0.55904
0.55808
