Striped Warp Reduction,41-44,3d_27pt,16,16,16,97336,SPMV,vanilla_version_RR Norm: 0.0897764
0.015072
0.012288
0.012288
0.012288
0.013312
0.012288
0.012288
0.012288
0.013312
0.012288
