Striped Box coloring,41-44,3d_27pt,128,128,64,27725560,Dot,vanilla_version
0.046816
0.044032
0.04304
0.043008
0.04304
0.043008
0.044032
0.043008
0.043008
0.043008
