Striped Box coloring,41-44,3d_27pt,64,64,64,6859000,Dot,vanilla_version
0.02848
0.026624
0.026624
0.026624
0.026624
0.0256
0.0256
0.026624
0.02864
0.026624
