Striped Box coloring,41-44,3d_27pt,128,128,128,55742968,WAXPBY,vanilla_version
0.074464
0.06816
0.073824
0.070848
0.07296
0.067232
0.06816
0.075392
0.07536
0.06832
