Striped Box coloring,41-44,3d_27pt,256,128,128,111777784,Dot,vanilla_version
0.102048
0.099488
0.099328
0.100352
0.100448
0.100352
0.098304
0.0992
0.099328
0.098304
