Striped Box coloring,41-44,3d_27pt,64,64,64,6859000,CG,vanilla_version
0.80208
0.700832
0.690976
0.689824
0.687808
0.687744
0.684096
0.685312
0.691904
0.686464
