Striped Box coloring,41-44,3d_27pt,64,64,64,6859000,SPMV,vanilla_version
0.0864
0.079872
0.080896
0.080896
0.080896
0.080896
0.080896
0.080896
0.079872
0.080896
