Striped Box coloring,41-44,3d_27pt,32,32,32,830584,WAXPBY,vanilla_version
0.01056
0.01552
0.015136
0.015296
0.0152
0.015296
0.01584
0.015712
0.01568
0.015264
