Striped Box coloring,41-44,3d_27pt,128,128,64,27725560,CG,vanilla_version
1.62554
1.36966
1.3631
1.36307
1.36026
1.36006
1.35856
1.36115
1.35965
1.38147
