Striped Box coloring,41-44,3d_27pt,16,16,16,97336,CG_noPreconditioning,vanilla_version
0.088992
0.084608
0.07696
0.07776
0.076064
0.077088
0.075008
0.075264
0.075296
0.075904
