Striped Box coloring,41-44,3d_27pt,128,128,128,55742968,Dot,vanilla_version
0.065696
0.063488
0.061376
0.060576
0.060416
0.060416
0.060416
0.06144
0.0624
0.064512
