Striped Box coloring,41-44,3d_27pt,32,32,32,830584,CG,vanilla_version
0.270496
0.236768
0.233664
0.23392
0.226496
0.227616
0.229984
0.226432
0.223232
0.227744
