Striped Box coloring,41-44,3d_27pt,8,8,8,10648,CG_noPreconditioning,vanilla_version
0.103808
0.096896
0.09264
0.092448
0.088032
0.088128
0.088704
0.088192
0.084416
0.084064
