Striped Box coloring,41-44,3d_27pt,128,64,64,13790200,WAXPBY,vanilla_version
0.03232
0.023072
0.028544
0.028448
0.028352
0.02816
0.027296
0.026144
0.027456
0.025984
