Striped Box coloring,41-44,3d_27pt,24,24,24,343000,MG,vanilla_version
6.09971
6.05203
6.03466
6.02173
6.02198
6.05411
6.08963
5.83984
5.58848
5.60202
