Striped Box coloring,41-44,3d_27pt,24,24,24,343000,CG,vanilla_version
0.090496
0.08352
0.087232
0.085824
0.079392
0.075776
0.074624
0.073376
0.074112
0.073888
