Striped Box coloring,41-44,3d_27pt,256,128,128,111777784,WAXPBY,vanilla_version
0.134816
0.127168
0.13312
0.12832
0.127552
0.126592
0.127072
0.127456
0.126368
0.127264
