Striped Box coloring,41-44,3d_27pt,128,64,64,13790200,CG_noPreconditioning,vanilla_version
0.94096
0.91808
0.922176
0.91568
0.9088
0.920896
0.907168
0.917856
0.907904
0.907936
