Striped Box coloring,41-44,3d_27pt,24,24,24,343000,SPMV,vanilla_version
0.016384
0.013312
0.012288
0.013312
0.013312
0.013312
0.012288
0.013312
0.012288
0.012288
