Striped Box coloring,41-44,3d_27pt,32,32,32,830584,CG_noPreconditioning,vanilla_version
0.2288
0.227328
0.226048
0.228672
0.230368
0.224032
0.223008
0.224192
0.227296
0.224384
