Striped Box coloring,41-44,3d_27pt,64,64,64,6859000,WAXPBY,vanilla_version
0.01584
0.020224
0.016384
0.017632
0.014976
0.015776
0.014816
0.0168
0.01616
0.0144
