Striped Box coloring,41-44,3d_27pt,128,128,128,55742968,CG_noPreconditioning,vanilla_version
2.34141
2.32464
2.33837
2.32256
2.32077
2.33389
2.3391
2.32413
2.316
2.32403
