Striped coloring (storing nothing),41-44,3d_27pt,16,16,16,97336,CG_noPreconditioning,vanilla_version_RR Norm: 0.186879
2.85082
2.85178
2.86326
2.86611
2.85616
2.86253
2.85187
2.85846
2.85584
2.83728
