BaseTorch,41-44,3d_27pt,8,8,8,10648,SPMV
77.01197052001953
76.05248260498047
77.24441528320312
75.90707397460938
76.9771499633789
