BaseTorch,41-44,3d_27pt,8,8,8,512,DOT
0.035711999982595444
0.03270399942994118
0.03171199932694435
0.029759999364614487
0.03174399957060814
