BaseTorch,41-44,3d_27pt,8,8,8,10648,SymGS
264.3302307128906
264.0414733886719
263.9779968261719
264.86383056640625
264.7193298339844
