Striped Preprocessed,41-44,3d_27pt,8,8,8,10648,SymGS,SymGS cooperation number = 16
1.3487
1.33939
1.33837
1.33936
1.33939
1.33837
1.34144
1.33837
1.33837
1.3384
