Striped Warp Reduction,41-44,3d_27pt,8,8,8,512,Dot,vanilla_version
0.018432
0.012288
0.011264
0.011264
0.011264
0.020544
0.01024
0.011264
0.01024
0.011264
