Striped Warp Reduction,41-44,3d_27pt,8,8,8,10648,SPMV,vanilla_version
0.0256
0.012288
0.012288
0.012192
0.012288
0.01328
0.010368
0.011264
0.011264
0.011296
