CSR-Implementation,41-44,3d_27pt,16,16,16,97336,SymGS,vanilla_version
7.04205
7.04218
7.04413
7.04307
7.0441
7.04307
7.04307
7.0441
7.0441
7.0441
