CSR-Implementation,41-44,3d_27pt,8,8,8,10648,SymGS,vanilla_version
0.842752
0.842752
0.842752
0.843776
0.842752
0.841728
0.842752
0.843776
0.841728
0.842752
