Banded Preprocessed,41-44,3d_27pt,8,8,8,10648,SymGS,vanilla_version
1.19194
1.19091
1.18989
1.18989
1.18989
1.18989
1.19194
1.19091
1.19194
1.18989
