Banded Preprocessed,41-44,3d_27pt,16,16,16,97336,SymGS,vanilla_version
9.29267
9.2887
9.2887
9.2887
9.2887
9.28973
9.2888
9.2887
9.2887
9.28973
