MatlabReference,41-44,3d_27pt,16,16,16,97336,CG
21232.857421875
18650.302734375
21377.16796875
18758.6796875
18765.15625
13381.599609375
18759.060546875
18734.77734375
18748.892578125
18764.720703125
