MatlabReference,41-44,3d_27pt,24,24,24,13824,Dot
0.04163200035691261
0.03788800165057182
0.03596799820661545
0.03481600061058998
0.03481600061058998
0.03686400130391121
0.035840000957250595
0.035840000957250595
0.03888000175356865
0.03590400144457817
