MatlabReference,41-44,3d_27pt,24,24,24,343000,CG
140578.828125
140625.515625
129828.1171875
129856.8671875
129859.140625
129877.640625
129738.6015625
129757.3359375
129697.4453125
129702.3125
