Striped Warp Reduction,41-44,3d_27pt,128,128,128,2097152,WAXPBY,vanilla_version
0.077824
0.06816
0.074976
0.073248
0.07296
0.072416
0.072864
0.073472
0.073088
0.072352
