Striped Warp Reduction,41-44,3d_27pt,256,256,128,8388608,WAXPBY,vanilla_version
0.253824
0.254592
0.255168
0.25456
0.246144
0.254272
0.248736
0.25664
0.25328
0.24816
