Striped Warp Reduction,41-44,3d_27pt,32,32,32,32768,WAXPBY,vanilla_version
0.010016
0.016864
0.016672
0.017472
0.01744
0.017408
0.01584
0.015008
0.015168
0.015328
