Striped Warp Reduction,41-44,3d_27pt,128,64,64,524288,WAXPBY,vanilla_version
0.024896
0.028096
0.022944
0.027072
0.026688
0.027328
0.028864
0.028448
0.027872
0.029088
