Striped Warp Reduction,41-44,3d_27pt,64,64,64,262144,WAXPBY,vanilla_version
0.017632
0.015488
0.019904
0.019872
0.020864
0.016992
0.014528
0.014304
0.014976
0.013152
