Striped Warp Reduction,41-44,3d_27pt,256,128,128,4194304,WAXPBY,vanilla_version
0.130816
0.128832
0.134464
0.128416
0.134784
0.130304
0.134976
0.13632
0.13504
0.135424
