Striped Warp Reduction,41-44,3d_27pt,8,8,8,512,WAXPBY,vanilla_version
0.011232
0.01024
0.010208
0.01024
0.01024
0.009216
0.01024
0.01024
0.009216
0.009248
