Striped Warp Reduction,41-44,3d_27pt,24,24,24,13824,WAXPBY,vanilla_version
0.016512
0.014272
0.014208
0.0152
0.014528
0.015232
0.014176
0.014752
0.014272
0.0144
