Striped Warp Reduction,41-44,3d_27pt,256,256,256,16777216,WAXPBY,vanilla_version
0.487232
0.482048
0.486848
0.481728
0.480928
0.485088
0.481184
0.490592
0.483136
0.483744
