Striped Warp Reduction,41-44,3d_27pt,128,128,64,1048576,WAXPBY,vanilla_version
0.045664
0.044768
0.042464
0.04448
0.043552
0.044896
0.044
0.043072
0.04352
0.044256
