Banded Warp Reduction,41-44,3d_27pt,256,256,128,224140792,SPMV,vanilla_version
3.54992
3.2215
3.25222
3.22867
3.18771
3.25018
3.23494
3.23277
3.24512
3.23482
