Striped Warp Reduction (kernel reduction - cooperation number = 8),41-44,3d_27pt,16,16,16,4096,Dot,vanilla_version
0.013056
0.011264
0.012288
0.011296
0.012288
0.012224
0.012288
0.011392
0.012288
0.011264
