CSR-Implementation,41-44,3d_27pt,64,64,64,262144,Dot,vanilla_version
0.146464
0.136192
0.134144
0.134144
0.135168
0.160768
0.138336
0.132992
0.137216
0.134176
