CSR-Implementation,41-44,3d_27pt,128,128,128,2097152,Dot,vanilla_version
0.453376
0.260096
0.222208
0.226304
0.218112
0.230464
0.22528
0.226304
0.214144
0.223232
