CSR-Implementation,41-44,3d_27pt,32,32,32,32768,Dot,vanilla_version
0.048544
0.041984
0.04096
0.041984
0.041984
0.13824
0.04096
0.041984
0.041984
0.041056
