CSR-Implementation,41-44,3d_27pt,24,24,24,13824,Dot,vanilla_version
0.046592
0.043008
0.045056
0.047104
0.041984
0.041984
0.039936
0.04096
0.04096
0.04096
