CSR-Implementation,41-44,3d_27pt,128,128,64,1048576,Dot,vanilla_version
0.365248
0.167936
0.16672
0.165024
0.162816
0.162816
0.1616
0.160704
0.1616
0.168032
