CSR-Implementation,41-44,3d_27pt,128,64,64,524288,Dot,vanilla_version
0.256288
0.141312
0.139264
0.147456
0.137216
0.136192
0.137216
0.13616
0.135168
0.139264
