CSR-Implementation,41-44,3d_27pt,8,8,8,512,Dot,vanilla_version
0.042528
0.03984
0.037888
0.036896
0.036864
0.03584
0.036864
0.036864
0.03584
0.036928
