BaseTorch,41-44,3d_27pt,8,8,8,512,Dot
0.04198399931192398
0.04198399931192398
0.03686400130391121
0.030688000842928886
0.030719999223947525
