BaseTorch,41-44,3d_27pt,8,8,8,10648,SPMV
77.26898956298828
77.18605041503906
77.1061782836914
77.76563262939453
78.27967834472656
