BaseTorch,41-44,3d_27pt,8,8,8,10648,SymGS
291.01873779296875
288.4700012207031
289.1007995605469
287.6528625488281
289.5196228027344
