Banded Warp Reduction,41-44,3d_27pt,256,256,128,224140792,SPMV,vanilla_version
2.72387
2.41254
2.4105
2.41043
2.41152
2.41152
2.41152
2.4105
2.41046
2.4105
