Banded Warp Reduction,41-44,3d_27pt,16,16,16,97336,SymGS,vanilla_version
9.91846
9.83245
9.83142
9.83142
9.8304
9.8304
9.83142
9.83146
9.82938
9.83142
