Banded Warp Reduction,41-44,3d_27pt,8,8,8,10648,SymGS,vanilla_version
1.22768
1.20934
1.21037
1.20934
1.20934
1.20835
1.20832
1.20845
1.20832
1.20934
