Striped Warp Reduction (2x physical cores occupied),41-44,3d_27pt,16,16,16,4096,Dot,vanilla_version
0.013056
0.012416
0.012288
0.011264
0.011264
0.012288
0.012288
0.012288
0.011392
0.012288
