CSR-Implementation,41-44,3d_27pt,256,128,128,4194304,Dot,vanilla_version
0.601248
0.361472
0.371712
0.360448
0.360448
0.360448
0.360448
0.365568
0.360448
0.36352
