CSR-Implementation,41-44,3d_27pt,128,64,64,524288,Dot,vanilla_version
0.408
0.318432
0.319488
0.321536
0.3328
0.32256
0.320512
0.32768
0.32256
0.323648
