CSR-Implementation,41-44,3d_27pt,24,24,24,13824,Dot,vanilla_version
0.23024
0.316416
0.31232
0.313344
0.316416
0.310272
0.31232
0.309248
0.304128
0.308224
