CSR-Implementation,41-44,3d_27pt,32,32,32,32768,Dot,vanilla_version
0.243488
0.312384
0.313344
0.314368
0.31232
0.311296
0.313344
0.31232
0.313376
0.314368
