CSR-Implementation,41-44,3d_27pt,64,64,64,262144,Dot,vanilla_version
0.279008
0.31744
0.32256
0.318464
0.319488
0.325632
0.320512
0.318432
0.320448
0.320512
