CSR-Implementation,41-44,3d_27pt,16,16,16,4096,Dot,vanilla_version
0.250336
0.310272
0.310272
0.31232
0.31232
0.311296
0.310272
0.309248
0.315392
0.308224
