CSR-Implementation,41-44,3d_27pt,128,128,128,2097152,Dot,vanilla_version
0.588608
0.330752
0.330752
0.329728
0.334848
0.328704
0.3328
0.330752
0.330688
0.328704
