CSR-Implementation,41-44,3d_27pt,128,128,64,1048576,Dot,vanilla_version
0.527968
0.326656
0.334848
0.331776
0.335872
0.335872
0.333824
0.330784
0.334848
0.329728
