CSR-Implementation,41-44,3d_27pt,8,8,8,512,Dot,vanilla_version
0.255168
0.300032
0.319488
0.316352
0.311328
0.314368
0.315392
0.311296
0.310272
0.310272
