Striped Box coloring (coloringBox: 6x6x6) (coop_num: 4),41-44,3d_27pt,64,64,64,6859000,SymGS,vanilla_version_L2 Norm: 503.015
7.29331
7.26826
7.26851
7.27414
7.2617
6.99082
6.97936
6.99069
6.98998
6.99744
