Striped Box coloring (coloringBox 3x3x3),GH200,3d_27pt,32,32,32,830584,CG_noPreconditioning,vanilla_version
8.74042
8.73411
8.7209
8.72269
8.55373
8.72464
8.72378
8.6897
8.74394
8.68342
