Banded Warp Reduction (loop body in method),41-44,3d_27pt,8,8,8,10648,SymGS,vanilla_version
1.2287
1.20934
1.21034
1.20934
1.21027
1.20934
1.20838
1.20922
1.20934
1.20934
