Banded Warp Reduction (loop body in method),41-44,3d_27pt,16,16,16,97336,SymGS,vanilla_version
9.91642
9.83245
9.83245
9.83245
9.83142
9.83142
9.83142
9.83245
9.83347
9.83347
