BasicStencil,41-44,3d_27pt,8,8,8,10648,SPMV
273.4141540527344
274.58868408203125
275.63623046875
274.9542541503906
276.0919189453125
