Banded Warp Reduction,41-44,3d_27pt,8,8,8,10648,SymGS,vanilla_version
1.14586
1.12739
1.12742
1.12742
1.1264
1.1264
1.12538
1.12538
1.1264
1.1264
