Banded Warp Reduction,41-44,3d_27pt,16,16,16,97336,SymGS,vanilla_version
9.14022
9.13715
9.13715
9.13818
9.13715
9.13715
9.13613
9.1392
9.13715
9.1392
