CSR-Implementation,41-44,3d_27pt,8,8,8,10648,SymGS,vanilla_version
0.8416
0.840704
0.842752
0.842752
0.841728
0.842656
0.841728
0.841728
0.840704
0.841728
