MatlabReference,41-44,3d_27pt,8,8,8,512,Dot
0.04095999896526337
0.030719999223947525
0.030719999223947525
0.028672000393271446
0.030719999223947525
