MatlabReference,41-44,3d_27pt,8,8,8,10648,SPMV
0.15667200088500977
0.11673600226640701
0.1157120019197464
0.11878400295972824
0.11673600226640701
