MatlabReference,41-44,3d_27pt,8,8,8,10648,SymGS
300.75494384765625
300.2849426269531
302.4445495605469
304.046142578125
302.1659240722656
