Striped coloring (pre-computing COR Format),41-44,3d_27pt,8,8,8,10648,SymGS,vanilla_version
0.946176
0.941056
0.94208
0.94208
0.94304
0.941056
0.93184
0.933888
0.935936
0.947264
