Striped coloring (pre-computing COR Format),41-44,3d_27pt,32,32,32,830584,SymGS,vanilla_version
4.42688
4.44422
4.44458
4.46054
4.45322
4.31965
4.16115
4.2305
4.17411
4.16781
