Striped coloring (pre-computing COR Format),41-44,3d_27pt,16,16,16,97336,SymGS,vanilla_version
2.12275
2.11968
2.13302
2.13101
2.28045
2.13197
2.13709
2.14122
2.12582
2.12582
